{"cameraMode":{"drawMode":0,"name":"Shaded","section":"Shading Mode"},"sceneLighting":true,"audioPlay":false,"sceneViewState":{"m_AlwaysRefresh":false,"showFog":true,"showSkybox":true,"showFlares":true,"showImageEffects":true,"showParticleSystems":true,"showVisualEffectGraphs":true,"m_FxEnabled":true},"in2DMode":false,"pivot":{"x":18.94913673400879,"y":-4.729830265045166,"z":26.053226470947267},"rotation":{"x":0.08942157030105591,"y":0.32682210206985476,"z":-0.031078852713108064,"w":0.9403406381607056},"size":21.904443740844728,"orthographic":false}